,Accuracy,F1,Precision,Recall,Precision-Recall Curve
id_320,0.8500258922576904,0.9024653434753418,0.9952458739280701,0.8255082964897156,"(tensor([0.8405, 0.9952, 1.0000]), tensor([1.0000, 0.8255, 0.0000]), tensor([0., 1.]))"
id_51,0.858208179473877,0.9084831476211548,0.9928404688835144,0.8373382687568665,"(tensor([0.8405, 0.9928, 1.0000]), tensor([1.0000, 0.8373, 0.0000]), tensor([0., 1.]))"
id_201,0.8591403365135193,0.9094178080558777,0.9895637035369873,0.8412815928459167,"(tensor([0.8405, 0.9896, 1.0000]), tensor([1.0000, 0.8413, 0.0000]), tensor([0., 1.]))"
id_250,0.8612118363380432,0.9104876518249512,0.9941648244857788,0.8398028612136841,"(tensor([0.8405, 0.9942, 1.0000]), tensor([1.0000, 0.8398, 0.0000]), tensor([0., 1.]))"
id_325,0.8613153696060181,0.9106201529502869,0.9934459924697876,0.840542197227478,"(tensor([0.8405, 0.9934, 1.0000]), tensor([1.0000, 0.8405, 0.0000]), tensor([0., 1.]))"
id_46,0.861004650592804,0.9109252691268921,0.9871960878372192,0.845594584941864,"(tensor([0.8405, 0.9872, 1.0000]), tensor([1.0000, 0.8456, 0.0000]), tensor([0., 1.]))"
id_116,0.8617296814918518,0.9111835956573486,0.9901677370071411,0.8438693881034851,"(tensor([0.8405, 0.9902, 1.0000]), tensor([1.0000, 0.8439, 0.0000]), tensor([0., 1.]))"
id_314,0.8639047145843506,0.9124816656112671,0.9928975105285645,0.8441158533096313,"(tensor([0.8405, 0.9929, 1.0000]), tensor([1.0000, 0.8441, 0.0000]), tensor([0., 1.]))"
id_246,0.8658726215362549,0.9140961766242981,0.9899425506591797,0.8490449786186218,"(tensor([0.8405, 0.9899, 1.0000]), tensor([1.0000, 0.8490, 0.0000]), tensor([0., 1.]))"
id_307,0.8663904666900635,0.9141601920127869,0.9936351776123047,0.8464571833610535,"(tensor([0.8405, 0.9936, 1.0000]), tensor([1.0000, 0.8465, 0.0000]), tensor([0., 1.]))"
id_310,0.8678404688835144,0.9155526161193848,0.9888491630554199,0.8523721694946289,"(tensor([0.8405, 0.9888, 1.0000]), tensor([1.0000, 0.8524, 0.0000]), tensor([0., 1.]))"
id_279,0.8683583736419678,0.9158668518066406,0.9894164800643921,0.8524953722953796,"(tensor([0.8405, 0.9894, 1.0000]), tensor([1.0000, 0.8525, 0.0000]), tensor([0., 1.]))"
id_105,0.8693941235542297,0.916273832321167,0.9933775067329407,0.8502772450447083,"(tensor([0.8405, 0.9934, 1.0000]), tensor([1.0000, 0.8503, 0.0000]), tensor([0., 1.]))"
id_39,0.8699119687080383,0.9173793196678162,0.9839141964912415,0.8592729568481445,"(tensor([0.8405, 0.9839, 1.0000]), tensor([1.0000, 0.8593, 0.0000]), tensor([0., 1.]))"
id_119,0.8714655637741089,0.9177981615066528,0.9922658205032349,0.8537276387214661,"(tensor([0.8405, 0.9923, 1.0000]), tensor([1.0000, 0.8537, 0.0000]), tensor([0., 1.]))"
id_19,0.872812032699585,0.9186539649963379,0.9932674169540405,0.8544670343399048,"(tensor([0.8405, 0.9933, 1.0000]), tensor([1.0000, 0.8545, 0.0000]), tensor([0., 1.]))"
id_311,0.8762299418449402,0.9210752248764038,0.9924566149711609,0.8592729568481445,"(tensor([0.8405, 0.9925, 1.0000]), tensor([1.0000, 0.8593, 0.0000]), tensor([0., 1.]))"
id_296,0.8775764107704163,0.9222061038017273,0.9896878004074097,0.8633394837379456,"(tensor([0.8405, 0.9897, 1.0000]), tensor([1.0000, 0.8633, 0.0000]), tensor([0., 1.]))"
id_10,0.8786121010780334,0.9226709008216858,0.9930407404899597,0.8616142868995667,"(tensor([0.8405, 0.9930, 1.0000]), tensor([1.0000, 0.8616, 0.0000]), tensor([0., 1.]))"
id_134,0.8788192868232727,0.9228537678718567,0.9924833178520203,0.8623536825180054,"(tensor([0.8405, 0.9925, 1.0000]), tensor([1.0000, 0.8624, 0.0000]), tensor([0., 1.]))"
id_2,0.8800621628761292,0.923634946346283,0.9934742450714111,0.8629698157310486,"(tensor([0.8405, 0.9935, 1.0000]), tensor([1.0000, 0.8630, 0.0000]), tensor([0., 1.]))"
id_162,0.8807871341705322,0.9243211150169373,0.9908373355865479,0.8661737442016602,"(tensor([0.8405, 0.9908, 1.0000]), tensor([1.0000, 0.8662, 0.0000]), tensor([0., 1.]))"
id_124,0.8823407292366028,0.9251942038536072,0.9934945702552795,0.8656808137893677,"(tensor([0.8405, 0.9935, 1.0000]), tensor([1.0000, 0.8657, 0.0000]), tensor([0., 1.]))"
id_103,0.8821336030960083,0.9252594709396362,0.9905779957771301,0.8680222034454346,"(tensor([0.8405, 0.9906, 1.0000]), tensor([1.0000, 0.8680, 0.0000]), tensor([0., 1.]))"
id_185,0.8849300742149353,0.9269223213195801,0.9940744638442993,0.868268609046936,"(tensor([0.8405, 0.9941, 1.0000]), tensor([1.0000, 0.8683, 0.0000]), tensor([0., 1.]))"
id_102,0.8842051029205322,0.9271281957626343,0.9840874671936035,0.8764017224311829,"(tensor([0.8405, 0.9841, 1.0000]), tensor([1.0000, 0.8764, 0.0000]), tensor([0., 1.]))"
id_69,0.8858622312545776,0.9275571703910828,0.9940820336341858,0.8693776726722717,"(tensor([0.8405, 0.9941, 1.0000]), tensor([1.0000, 0.8694, 0.0000]), tensor([0., 1.]))"
id_346,0.8872087001800537,0.9288281202316284,0.9888672232627869,0.8756623268127441,"(tensor([0.8405, 0.9889, 1.0000]), tensor([1.0000, 0.8757, 0.0000]), tensor([0., 1.]))"
id_193,0.8877265453338623,0.9291039705276489,0.9899651408195496,0.8752926588058472,"(tensor([0.8405, 0.9900, 1.0000]), tensor([1.0000, 0.8753, 0.0000]), tensor([0., 1.]))"
id_1,0.8882444500923157,0.9292690753936768,0.9927170872688293,0.8734442591667175,"(tensor([0.8405, 0.9927, 1.0000]), tensor([1.0000, 0.8734, 0.0000]), tensor([0., 1.]))"
id_93,0.8885551691055298,0.929387092590332,0.9941036105155945,0.8725816607475281,"(tensor([0.8405, 0.9941, 1.0000]), tensor([1.0000, 0.8726, 0.0000]), tensor([0., 1.]))"
id_118,0.8884515762329102,0.9294833540916443,0.9916177988052368,0.874676525592804,"(tensor([0.8405, 0.9916, 1.0000]), tensor([1.0000, 0.8747, 0.0000]), tensor([0., 1.]))"
id_74,0.8885551691055298,0.9296915531158447,0.9895673990249634,0.8766481876373291,"(tensor([0.8405, 0.9896, 1.0000]), tensor([1.0000, 0.8766, 0.0000]), tensor([0., 1.]))"
id_319,0.889590859413147,0.9304903149604797,0.9880902767181396,0.8792359828948975,"(tensor([0.8405, 0.9881, 1.0000]), tensor([1.0000, 0.8792, 0.0000]), tensor([0., 1.]))"
id_18,0.8904194831848145,0.9309039115905762,0.9902737140655518,0.8782501816749573,"(tensor([0.8405, 0.9903, 1.0000]), tensor([1.0000, 0.8783, 0.0000]), tensor([0., 1.]))"
id_139,0.8908337354660034,0.9310028553009033,0.9930177330970764,0.8762785196304321,"(tensor([0.8405, 0.9930, 1.0000]), tensor([1.0000, 0.8763, 0.0000]), tensor([0., 1.]))"
id_194,0.8906266093254089,0.9311513900756836,0.9886474013328552,0.8799753785133362,"(tensor([0.8405, 0.9886, 1.0000]), tensor([1.0000, 0.8800, 0.0000]), tensor([0., 1.]))"
id_159,0.8926981091499329,0.9326485991477966,0.9870648384094238,0.8839186429977417,"(tensor([0.8405, 0.9871, 1.0000]), tensor([1.0000, 0.8839, 0.0000]), tensor([0., 1.]))"
id_275,0.8936302661895752,0.9329327940940857,0.9923589825630188,0.8802217841148376,"(tensor([0.8405, 0.9924, 1.0000]), tensor([1.0000, 0.8802, 0.0000]), tensor([0., 1.]))"
id_155,0.8939409852027893,0.9332550764083862,0.9905908107757568,0.8821934461593628,"(tensor([0.8405, 0.9906, 1.0000]), tensor([1.0000, 0.8822, 0.0000]), tensor([0., 1.]))"
id_206,0.8946659564971924,0.9338278770446777,0.9892473220825195,0.8842883706092834,"(tensor([0.8405, 0.9892, 1.0000]), tensor([1.0000, 0.8843, 0.0000]), tensor([0., 1.]))"
id_138,0.8952873945236206,0.9344485402107239,0.9860426783561707,0.8879852294921875,"(tensor([0.8405, 0.9860, 1.0000]), tensor([1.0000, 0.8880, 0.0000]), tensor([0., 1.]))"
id_208,0.8961160182952881,0.9345342516899109,0.9934776425361633,0.8821934461593628,"(tensor([0.8405, 0.9935, 1.0000]), tensor([1.0000, 0.8822, 0.0000]), tensor([0., 1.]))"
id_91,0.8962195515632629,0.9345697164535522,0.9940269589424133,0.8818237781524658,"(tensor([0.8405, 0.9940, 1.0000]), tensor([1.0000, 0.8818, 0.0000]), tensor([0., 1.]))"
id_270,0.8969445824623108,0.9353518486022949,0.9892798066139221,0.8869993686676025,"(tensor([0.8405, 0.9893, 1.0000]), tensor([1.0000, 0.8870, 0.0000]), tensor([0., 1.]))"
id_263,0.8971517086029053,0.9354566335678101,0.989821195602417,0.8867529034614563,"(tensor([0.8405, 0.9898, 1.0000]), tensor([1.0000, 0.8868, 0.0000]), tensor([0., 1.]))"
id_271,0.8969445824623108,0.9356028437614441,0.9852780699729919,0.8906962275505066,"(tensor([0.8405, 0.9853, 1.0000]), tensor([1.0000, 0.8907, 0.0000]), tensor([0., 1.]))"
id_150,0.897566020488739,0.9356077909469604,0.9918553233146667,0.8853974342346191,"(tensor([0.8405, 0.9919, 1.0000]), tensor([1.0000, 0.8854, 0.0000]), tensor([0., 1.]))"
id_204,0.8980838656425476,0.9359874725341797,0.9913187026977539,0.8865064978599548,"(tensor([0.8405, 0.9913, 1.0000]), tensor([1.0000, 0.8865, 0.0000]), tensor([0., 1.]))"
id_184,0.8981874585151672,0.9360401034355164,0.9915908575057983,0.8863832354545593,"(tensor([0.8405, 0.9916, 1.0000]), tensor([1.0000, 0.8864, 0.0000]), tensor([0., 1.]))"
id_354,0.8982910513877869,0.9361093044281006,0.9915919899940491,0.8865064978599548,"(tensor([0.8405, 0.9916, 1.0000]), tensor([1.0000, 0.8865, 0.0000]), tensor([0., 1.]))"
id_364,0.8981874585151672,0.9363465309143066,0.9866266250610352,0.8909426927566528,"(tensor([0.8405, 0.9866, 1.0000]), tensor([1.0000, 0.8909, 0.0000]), tensor([0., 1.]))"
id_157,0.8992232084274292,0.9366577863693237,0.992823600769043,0.8865064978599548,"(tensor([0.8405, 0.9928, 1.0000]), tensor([1.0000, 0.8865, 0.0000]), tensor([0., 1.]))"
id_298,0.9000517725944519,0.9373010993003845,0.9913414120674133,0.888847827911377,"(tensor([0.8405, 0.9913, 1.0000]), tensor([1.0000, 0.8888, 0.0000]), tensor([0., 1.]))"
id_340,0.9011911153793335,0.9380600452423096,0.9913544654846191,0.8902033567428589,"(tensor([0.8405, 0.9914, 1.0000]), tensor([1.0000, 0.8902, 0.0000]), tensor([0., 1.]))"
id_112,0.901398241519928,0.9381256103515625,0.9925732612609863,0.8893406987190247,"(tensor([0.8405, 0.9926, 1.0000]), tensor([1.0000, 0.8893, 0.0000]), tensor([0., 1.]))"
id_36,0.9015018343925476,0.9382748007774353,0.9912232756614685,0.8906962275505066,"(tensor([0.8405, 0.9912, 1.0000]), tensor([1.0000, 0.8907, 0.0000]), tensor([0., 1.]))"
id_92,0.9009839296340942,0.9382827877998352,0.9853559136390686,0.8955021500587463,"(tensor([0.8405, 0.9854, 1.0000]), tensor([1.0000, 0.8955, 0.0000]), tensor([0., 1.]))"
id_17,0.9021232724189758,0.9386323690414429,0.9921746253967285,0.8905730247497559,"(tensor([0.8405, 0.9922, 1.0000]), tensor([1.0000, 0.8906, 0.0000]), tensor([0., 1.]))"
id_21,0.9021232724189758,0.9387120008468628,0.9908269643783569,0.8918052911758423,"(tensor([0.8405, 0.9908, 1.0000]), tensor([1.0000, 0.8918, 0.0000]), tensor([0., 1.]))"
id_287,0.9021232724189758,0.9387993216514587,0.9893530011177063,0.8931608200073242,"(tensor([0.8405, 0.9894, 1.0000]), tensor([1.0000, 0.8932, 0.0000]), tensor([0., 1.]))"
id_286,0.9025375247001648,0.9388524293899536,0.9931262135505676,0.8902033567428589,"(tensor([0.8405, 0.9931, 1.0000]), tensor([1.0000, 0.8902, 0.0000]), tensor([0., 1.]))"
id_244,0.9039875864982605,0.9398871660232544,0.9919244647026062,0.8930375576019287,"(tensor([0.8405, 0.9919, 1.0000]), tensor([1.0000, 0.8930, 0.0000]), tensor([0., 1.]))"
id_33,0.9045054316520691,0.9402152299880981,0.9921992421150208,0.8934072852134705,"(tensor([0.8405, 0.9922, 1.0000]), tensor([1.0000, 0.8934, 0.0000]), tensor([0., 1.]))"
id_87,0.9042983055114746,0.9402714967727661,0.9888511300086975,0.8962415456771851,"(tensor([0.8405, 0.9889, 1.0000]), tensor([1.0000, 0.8962, 0.0000]), tensor([0., 1.]))"
id_336,0.9045054316520691,0.9404315948486328,0.9884557723999023,0.8968576788902283,"(tensor([0.8405, 0.9885, 1.0000]), tensor([1.0000, 0.8969, 0.0000]), tensor([0., 1.]))"
id_133,0.9047125577926636,0.9405146837234497,0.989389181137085,0.8962415456771851,"(tensor([0.8405, 0.9894, 1.0000]), tensor([1.0000, 0.8962, 0.0000]), tensor([0., 1.]))"
id_274,0.9050232768058777,0.9406511187553406,0.9905943274497986,0.8955021500587463,"(tensor([0.8405, 0.9906, 1.0000]), tensor([1.0000, 0.8955, 0.0000]), tensor([0., 1.]))"
id_294,0.9048161506652832,0.9406676292419434,0.9879305958747864,0.8977202773094177,"(tensor([0.8405, 0.9879, 1.0000]), tensor([1.0000, 0.8977, 0.0000]), tensor([0., 1.]))"
id_211,0.9042983055114746,0.9406780004501343,0.9819059371948242,0.9027726650238037,"(tensor([0.8405, 0.9819, 1.0000]), tensor([1.0000, 0.9028, 0.0000]), tensor([0., 1.]))"
id_38,0.9056447148323059,0.9409935474395752,0.991807758808136,0.8951324820518494,"(tensor([0.8405, 0.9918, 1.0000]), tensor([1.0000, 0.8951, 0.0000]), tensor([0., 1.]))"
id_176,0.9058519005775452,0.9411536455154419,0.9914075136184692,0.8957486152648926,"(tensor([0.8405, 0.9914, 1.0000]), tensor([1.0000, 0.8957, 0.0000]), tensor([0., 1.]))"
id_27,0.9057483077049255,0.9411993026733398,0.9894036054611206,0.8974738121032715,"(tensor([0.8405, 0.9894, 1.0000]), tensor([1.0000, 0.8975, 0.0000]), tensor([0., 1.]))"
id_361,0.9073019027709961,0.9422169923782349,0.9895579218864441,0.8991990089416504,"(tensor([0.8405, 0.9896, 1.0000]), tensor([1.0000, 0.8992, 0.0000]), tensor([0., 1.]))"
id_143,0.9081305265426636,0.9426521062850952,0.9915668964385986,0.8983364105224609,"(tensor([0.8405, 0.9916, 1.0000]), tensor([1.0000, 0.8983, 0.0000]), tensor([0., 1.]))"
id_131,0.9068876504898071,0.9427279233932495,0.9758638739585876,0.9117683172225952,"(tensor([0.8405, 0.9759, 1.0000]), tensor([1.0000, 0.9118, 0.0000]), tensor([0., 1.]))"
id_254,0.9085447788238525,0.9430506229400635,0.9893099069595337,0.9009242057800293,"(tensor([0.8405, 0.9893, 1.0000]), tensor([1.0000, 0.9009, 0.0000]), tensor([0., 1.]))"
id_81,0.9087519645690918,0.9431576132774353,0.9898428916931152,0.9006777405738831,"(tensor([0.8405, 0.9898, 1.0000]), tensor([1.0000, 0.9007, 0.0000]), tensor([0., 1.]))"
id_368,0.9084412455558777,0.9431803226470947,0.9857584238052368,0.9041281342506409,"(tensor([0.8405, 0.9858, 1.0000]), tensor([1.0000, 0.9041, 0.0000]), tensor([0., 1.]))"
id_30,0.90937340259552,0.9433253407478333,0.9942654371261597,0.8973506093025208,"(tensor([0.8405, 0.9943, 1.0000]), tensor([1.0000, 0.8974, 0.0000]), tensor([0., 1.]))"
id_128,0.9089590907096863,0.9433670043945312,0.9885228276252747,0.9021564722061157,"(tensor([0.8405, 0.9885, 1.0000]), tensor([1.0000, 0.9022, 0.0000]), tensor([0., 1.]))"
id_141,0.9103055596351624,0.9441578388214111,0.9902610778808594,0.9021564722061157,"(tensor([0.8405, 0.9903, 1.0000]), tensor([1.0000, 0.9022, 0.0000]), tensor([0., 1.]))"
id_228,0.910823404788971,0.9445482492446899,0.9893416166305542,0.9036352634429932,"(tensor([0.8405, 0.9893, 1.0000]), tensor([1.0000, 0.9036, 0.0000]), tensor([0., 1.]))"
id_291,0.9112377166748047,0.9446703791618347,0.9921345114707947,0.9015403389930725,"(tensor([0.8405, 0.9921, 1.0000]), tensor([1.0000, 0.9015, 0.0000]), tensor([0., 1.]))"
id_199,0.9113412499427795,0.9447599649429321,0.9917355179786682,0.902033269405365,"(tensor([0.8405, 0.9917, 1.0000]), tensor([1.0000, 0.9020, 0.0000]), tensor([0., 1.]))"
id_173,0.9113412499427795,0.944838285446167,0.99027419090271,0.9033887982368469,"(tensor([0.8405, 0.9903, 1.0000]), tensor([1.0000, 0.9034, 0.0000]), tensor([0., 1.]))"
id_83,0.9120662808418274,0.9453562498092651,0.9894906878471375,0.9049907326698303,"(tensor([0.8405, 0.9895, 1.0000]), tensor([1.0000, 0.9050, 0.0000]), tensor([0., 1.]))"
id_26,0.9119626879692078,0.9454288482666016,0.9868650436401367,0.9073321223258972,"(tensor([0.8405, 0.9869, 1.0000]), tensor([1.0000, 0.9073, 0.0000]), tensor([0., 1.]))"
id_257,0.9120662808418274,0.9454405307769775,0.9879129528999329,0.9064695239067078,"(tensor([0.8405, 0.9879, 1.0000]), tensor([1.0000, 0.9065, 0.0000]), tensor([0., 1.]))"
id_356,0.9124805927276611,0.9455225467681885,0.9914819002151489,0.9036352634429932,"(tensor([0.8405, 0.9915, 1.0000]), tensor([1.0000, 0.9036, 0.0000]), tensor([0., 1.]))"
id_130,0.9127913117408752,0.9457683563232422,0.9906895160675049,0.9047443270683289,"(tensor([0.8405, 0.9907, 1.0000]), tensor([1.0000, 0.9047, 0.0000]), tensor([0., 1.]))"
id_351,0.9131020307540894,0.9459441304206848,0.9912233352661133,0.9046210646629333,"(tensor([0.8405, 0.9912, 1.0000]), tensor([1.0000, 0.9046, 0.0000]), tensor([0., 1.]))"
id_288,0.9132055640220642,0.9460398554801941,0.990694522857666,0.9052371978759766,"(tensor([0.8405, 0.9907, 1.0000]), tensor([1.0000, 0.9052, 0.0000]), tensor([0., 1.]))"
id_302,0.9128948450088501,0.946155309677124,0.9846748113632202,0.9105360507965088,"(tensor([0.8405, 0.9847, 1.0000]), tensor([1.0000, 0.9105, 0.0000]), tensor([0., 1.]))"
id_167,0.9135162830352783,0.9462157487869263,0.9912280440330505,0.9051139950752258,"(tensor([0.8405, 0.9912, 1.0000]), tensor([1.0000, 0.9051, 0.0000]), tensor([0., 1.]))"
id_59,0.9141377806663513,0.9465816020965576,0.9920313358306885,0.9051139950752258,"(tensor([0.8405, 0.9920, 1.0000]), tensor([1.0000, 0.9051, 0.0000]), tensor([0., 1.]))"
id_357,0.9137234687805176,0.9468783736228943,0.9812318086624146,0.914849042892456,"(tensor([0.8405, 0.9812, 1.0000]), tensor([1.0000, 0.9148, 0.0000]), tensor([0., 1.]))"
id_125,0.9145520329475403,0.9469077587127686,0.9909752011299133,0.9065927267074585,"(tensor([0.8405, 0.9910, 1.0000]), tensor([1.0000, 0.9066, 0.0000]), tensor([0., 1.]))"
id_318,0.9146556258201599,0.9470369219779968,0.9897890686988831,0.9078249931335449,"(tensor([0.8405, 0.9898, 1.0000]), tensor([1.0000, 0.9078, 0.0000]), tensor([0., 1.]))"
id_12,0.9145520329475403,0.9470508694648743,0.9882132411003113,0.9091805219650269,"(tensor([0.8405, 0.9882, 1.0000]), tensor([1.0000, 0.9092, 0.0000]), tensor([0., 1.]))"
id_207,0.9148627519607544,0.9471586346626282,0.9900550842285156,0.9078249931335449,"(tensor([0.8405, 0.9901, 1.0000]), tensor([1.0000, 0.9078, 0.0000]), tensor([0., 1.]))"
id_266,0.914966344833374,0.9471651911735535,0.9912446141242981,0.9068391919136047,"(tensor([0.8405, 0.9912, 1.0000]), tensor([1.0000, 0.9068, 0.0000]), tensor([0., 1.]))"
id_238,0.9148627519607544,0.9471790194511414,0.9896602630615234,0.9081947207450867,"(tensor([0.8405, 0.9897, 1.0000]), tensor([1.0000, 0.9082, 0.0000]), tensor([0., 1.]))"
id_367,0.9148627519607544,0.9471790194511414,0.9896602630615234,0.9081947207450867,"(tensor([0.8405, 0.9897, 1.0000]), tensor([1.0000, 0.9082, 0.0000]), tensor([0., 1.]))"
id_178,0.9137234687805176,0.9472283720970154,0.9747066497802734,0.921256959438324,"(tensor([0.8405, 0.9747, 1.0000]), tensor([1.0000, 0.9213, 0.0000]), tensor([0., 1.]))"
id_333,0.9153806567192078,0.9473141431808472,0.9936417937278748,0.9051139950752258,"(tensor([0.8405, 0.9936, 1.0000]), tensor([1.0000, 0.9051, 0.0000]), tensor([0., 1.]))"
id_216,0.9145520329475403,0.9474889636039734,0.9798578023910522,0.9171903729438782,"(tensor([0.8405, 0.9799, 1.0000]), tensor([1.0000, 0.9172, 0.0000]), tensor([0., 1.]))"
id_97,0.9155877828598022,0.9475377798080444,0.9919137358665466,0.9069623947143555,"(tensor([0.8405, 0.9919, 1.0000]), tensor([1.0000, 0.9070, 0.0000]), tensor([0., 1.]))"
id_47,0.9156913757324219,0.9475853443145752,0.9923129081726074,0.9067159295082092,"(tensor([0.8405, 0.9923, 1.0000]), tensor([1.0000, 0.9067, 0.0000]), tensor([0., 1.]))"
id_62,0.9154841899871826,0.9476251602172852,0.9888814687728882,0.9096734523773193,"(tensor([0.8405, 0.9889, 1.0000]), tensor([1.0000, 0.9097, 0.0000]), tensor([0., 1.]))"
id_224,0.9150699377059937,0.9478039741516113,0.9802501797676086,0.9174368381500244,"(tensor([0.8405, 0.9803, 1.0000]), tensor([1.0000, 0.9174, 0.0000]), tensor([0., 1.]))"
id_110,0.9155877828598022,0.947826623916626,0.9862776398658752,0.9122612476348877,"(tensor([0.8405, 0.9863, 1.0000]), tensor([1.0000, 0.9123, 0.0000]), tensor([0., 1.]))"
id_192,0.9158985018730164,0.9479085803031921,0.988625705242157,0.9104127883911133,"(tensor([0.8405, 0.9886, 1.0000]), tensor([1.0000, 0.9104, 0.0000]), tensor([0., 1.]))"
id_280,0.9156913757324219,0.9479272961616516,0.9856325387954712,0.9130006432533264,"(tensor([0.8405, 0.9856, 1.0000]), tensor([1.0000, 0.9130, 0.0000]), tensor([0., 1.]))"
id_144,0.9153806567192078,0.9480973482131958,0.9784946441650391,0.9195317029953003,"(tensor([0.8405, 0.9785, 1.0000]), tensor([1.0000, 0.9195, 0.0000]), tensor([0., 1.]))"
id_151,0.9166235327720642,0.9483808875083923,0.9886363744735718,0.9112753868103027,"(tensor([0.8405, 0.9886, 1.0000]), tensor([1.0000, 0.9113, 0.0000]), tensor([0., 1.]))"
id_272,0.9167270660400391,0.9484019875526428,0.9895540475845337,0.9105360507965088,"(tensor([0.8405, 0.9896, 1.0000]), tensor([1.0000, 0.9105, 0.0000]), tensor([0., 1.]))"
id_300,0.9163128137588501,0.9484431147575378,0.9834590554237366,0.9158348441123962,"(tensor([0.8405, 0.9835, 1.0000]), tensor([1.0000, 0.9158, 0.0000]), tensor([0., 1.]))"
id_264,0.9147592186927795,0.9485593438148499,0.9624556303024292,0.9350585341453552,"(tensor([0.8405, 0.9625, 1.0000]), tensor([1.0000, 0.9351, 0.0000]), tensor([0., 1.]))"
id_65,0.9167270660400391,0.948573648929596,0.986168384552002,0.9137399792671204,"(tensor([0.8405, 0.9862, 1.0000]), tensor([1.0000, 0.9137, 0.0000]), tensor([0., 1.]))"
id_267,0.9172449707984924,0.9486603140830994,0.9911385774612427,0.9096734523773193,"(tensor([0.8405, 0.9911, 1.0000]), tensor([1.0000, 0.9097, 0.0000]), tensor([0., 1.]))"
id_304,0.9174520969390869,0.948782205581665,0.9914047718048096,0.9096734523773193,"(tensor([0.8405, 0.9914, 1.0000]), tensor([1.0000, 0.9097, 0.0000]), tensor([0., 1.]))"
id_146,0.9171413779258728,0.9488947987556458,0.9851438999176025,0.915218710899353,"(tensor([0.8405, 0.9851, 1.0000]), tensor([1.0000, 0.9152, 0.0000]), tensor([0., 1.]))"
id_52,0.9175556898117065,0.9491438865661621,0.9855380058288574,0.9153419733047485,"(tensor([0.8405, 0.9855, 1.0000]), tensor([1.0000, 0.9153, 0.0000]), tensor([0., 1.]))"
id_183,0.9180735349655151,0.9492395520210266,0.9903588891029358,0.9113986492156982,"(tensor([0.8405, 0.9904, 1.0000]), tensor([1.0000, 0.9114, 0.0000]), tensor([0., 1.]))"
id_289,0.9178664088249207,0.9493452906608582,0.9855437874794006,0.9157116413116455,"(tensor([0.8405, 0.9855, 1.0000]), tensor([1.0000, 0.9157, 0.0000]), tensor([0., 1.]))"
id_281,0.9170377850532532,0.949447751045227,0.9730918407440186,0.9269254207611084,"(tensor([0.8405, 0.9731, 1.0000]), tensor([1.0000, 0.9269, 0.0000]), tensor([0., 1.]))"
id_104,0.9182806611061096,0.9495104551315308,0.9876198172569275,0.9142329096794128,"(tensor([0.8405, 0.9876, 1.0000]), tensor([1.0000, 0.9142, 0.0000]), tensor([0., 1.]))"
id_6,0.9186949729919434,0.9495468735694885,0.9923428297042847,0.9102895855903625,"(tensor([0.8405, 0.9923, 1.0000]), tensor([1.0000, 0.9103, 0.0000]), tensor([0., 1.]))"
id_322,0.9184878468513489,0.9495868682861328,0.9887940287590027,0.9133703112602234,"(tensor([0.8405, 0.9888, 1.0000]), tensor([1.0000, 0.9134, 0.0000]), tensor([0., 1.]))"
id_308,0.9189020991325378,0.9498687386512756,0.988539457321167,0.9141096472740173,"(tensor([0.8405, 0.9885, 1.0000]), tensor([1.0000, 0.9141, 0.0000]), tensor([0., 1.]))"
id_180,0.9195235371589661,0.9501507878303528,0.9910331964492798,0.9125077128410339,"(tensor([0.8405, 0.9910, 1.0000]), tensor([1.0000, 0.9125, 0.0000]), tensor([0., 1.]))"
id_261,0.9197307229042053,0.9502854943275452,0.9910355806350708,0.9127541780471802,"(tensor([0.8405, 0.9910, 1.0000]), tensor([1.0000, 0.9128, 0.0000]), tensor([0., 1.]))"
id_4,0.9196271300315857,0.9503391981124878,0.9885501265525818,0.9149722456932068,"(tensor([0.8405, 0.9886, 1.0000]), tensor([1.0000, 0.9150, 0.0000]), tensor([0., 1.]))"
id_156,0.9199378490447998,0.9503628611564636,0.9922231435775757,0.9118915796279907,"(tensor([0.8405, 0.9922, 1.0000]), tensor([1.0000, 0.9119, 0.0000]), tensor([0., 1.]))"
id_191,0.9196271300315857,0.9503899216651917,0.9875116348266602,0.9159581065177917,"(tensor([0.8405, 0.9875, 1.0000]), tensor([1.0000, 0.9160, 0.0000]), tensor([0., 1.]))"
id_28,0.9194200038909912,0.950420618057251,0.9841625690460205,0.9189155697822571,"(tensor([0.8405, 0.9842, 1.0000]), tensor([1.0000, 0.9189, 0.0000]), tensor([0., 1.]))"
id_120,0.9196271300315857,0.9504786133766174,0.9857048392295837,0.9176833033561707,"(tensor([0.8405, 0.9857, 1.0000]), tensor([1.0000, 0.9177, 0.0000]), tensor([0., 1.]))"
id_219,0.9200414419174194,0.9505635499954224,0.9894680976867676,0.9146025776863098,"(tensor([0.8405, 0.9895, 1.0000]), tensor([1.0000, 0.9146, 0.0000]), tensor([0., 1.]))"
id_121,0.9198342561721802,0.9506378173828125,0.985194981098175,0.9184226989746094,"(tensor([0.8405, 0.9852, 1.0000]), tensor([1.0000, 0.9184, 0.0000]), tensor([0., 1.]))"
id_149,0.9168306589126587,0.9506847858428955,0.9476003646850586,0.9537892937660217,"(tensor([0.8405, 0.9476, 1.0000]), tensor([1.0000, 0.9538, 0.0000]), tensor([0., 1.]))"
id_323,0.9203521609306335,0.9507272839546204,0.9902562499046326,0.9142329096794128,"(tensor([0.8405, 0.9903, 1.0000]), tensor([1.0000, 0.9142, 0.0000]), tensor([0., 1.]))"
id_303,0.9201449751853943,0.9508071541786194,0.9858428239822388,0.9181762337684631,"(tensor([0.8405, 0.9858, 1.0000]), tensor([1.0000, 0.9182, 0.0000]), tensor([0., 1.]))"
id_163,0.9191092848777771,0.9508093595504761,0.9724298119544983,0.9301294088363647,"(tensor([0.8405, 0.9724, 1.0000]), tensor([1.0000, 0.9301, 0.0000]), tensor([0., 1.]))"
id_242,0.9202485680580139,0.9509116411209106,0.9850746393203735,0.9190388321876526,"(tensor([0.8405, 0.9851, 1.0000]), tensor([1.0000, 0.9190, 0.0000]), tensor([0., 1.]))"
id_89,0.9202485680580139,0.9509304165840149,0.9846904873847961,0.9194085001945496,"(tensor([0.8405, 0.9847, 1.0000]), tensor([1.0000, 0.9194, 0.0000]), tensor([0., 1.]))"
id_101,0.9198342561721802,0.950981616973877,0.9782410264015198,0.9252002239227295,"(tensor([0.8405, 0.9782, 1.0000]), tensor([1.0000, 0.9252, 0.0000]), tensor([0., 1.]))"
id_278,0.9204556941986084,0.9509891271591187,0.9862343072891235,0.9181762337684631,"(tensor([0.8405, 0.9862, 1.0000]), tensor([1.0000, 0.9182, 0.0000]), tensor([0., 1.]))"
id_366,0.920559287071228,0.9510122537612915,0.9871386885643005,0.9174368381500244,"(tensor([0.8405, 0.9871, 1.0000]), tensor([1.0000, 0.9174, 0.0000]), tensor([0., 1.]))"
id_60,0.9210771918296814,0.9510597586631775,0.9931589365005493,0.9123844504356384,"(tensor([0.8405, 0.9932, 1.0000]), tensor([1.0000, 0.9124, 0.0000]), tensor([0., 1.]))"
id_222,0.9209735989570618,0.9512491822242737,0.9877919554710388,0.9173136353492737,"(tensor([0.8405, 0.9878, 1.0000]), tensor([1.0000, 0.9173, 0.0000]), tensor([0., 1.]))"
id_79,0.9210771918296814,0.9513285756111145,0.9875348210334778,0.9176833033561707,"(tensor([0.8405, 0.9875, 1.0000]), tensor([1.0000, 0.9177, 0.0000]), tensor([0., 1.]))"
id_15,0.9211807250976562,0.9513645172119141,0.9881837368011475,0.9171903729438782,"(tensor([0.8405, 0.9882, 1.0000]), tensor([1.0000, 0.9172, 0.0000]), tensor([0., 1.]))"
id_187,0.9214914441108704,0.951447606086731,0.9906629323959351,0.915218710899353,"(tensor([0.8405, 0.9907, 1.0000]), tensor([1.0000, 0.9152, 0.0000]), tensor([0., 1.]))"
id_114,0.9213879108428955,0.9515419006347656,0.9872813820838928,0.9182994365692139,"(tensor([0.8405, 0.9873, 1.0000]), tensor([1.0000, 0.9183, 0.0000]), tensor([0., 1.]))"
id_197,0.9208700060844421,0.9515597820281982,0.9800182580947876,0.9247073531150818,"(tensor([0.8405, 0.9800, 1.0000]), tensor([1.0000, 0.9247, 0.0000]), tensor([0., 1.]))"
id_56,0.9214914441108704,0.9517689347267151,0.9839494824409485,0.921626627445221,"(tensor([0.8405, 0.9839, 1.0000]), tensor([1.0000, 0.9216, 0.0000]), tensor([0., 1.]))"
id_260,0.9216986298561096,0.9518041610717773,0.9859992265701294,0.919901430606842,"(tensor([0.8405, 0.9860, 1.0000]), tensor([1.0000, 0.9199, 0.0000]), tensor([0., 1.]))"
id_330,0.9218021631240845,0.951858639717102,0.9862579107284546,0.9197781682014465,"(tensor([0.8405, 0.9863, 1.0000]), tensor([1.0000, 0.9198, 0.0000]), tensor([0., 1.]))"
id_54,0.9222164750099182,0.9520035982131958,0.9888476133346558,0.9178065061569214,"(tensor([0.8405, 0.9888, 1.0000]), tensor([1.0000, 0.9178, 0.0000]), tensor([0., 1.]))"
id_158,0.9227343201637268,0.9522407054901123,0.9909393787384033,0.9164510369300842,"(tensor([0.8405, 0.9909, 1.0000]), tensor([1.0000, 0.9165, 0.0000]), tensor([0., 1.]))"
id_126,0.9225271940231323,0.9522837400436401,0.9871709942817688,0.9197781682014465,"(tensor([0.8405, 0.9872, 1.0000]), tensor([1.0000, 0.9198, 0.0000]), tensor([0., 1.]))"
id_68,0.920559287071228,0.9523927569389343,0.9594797492027283,0.9454097151756287,"(tensor([0.8405, 0.9595, 1.0000]), tensor([1.0000, 0.9454, 0.0000]), tensor([0., 1.]))"
id_243,0.9227343201637268,0.9525324106216431,0.984738826751709,0.9223659634590149,"(tensor([0.8405, 0.9847, 1.0000]), tensor([1.0000, 0.9224, 0.0000]), tensor([0., 1.]))"
id_370,0.9231486320495605,0.9525817632675171,0.9893800616264343,0.9184226989746094,"(tensor([0.8405, 0.9894, 1.0000]), tensor([1.0000, 0.9184, 0.0000]), tensor([0., 1.]))"
id_359,0.9232522249221802,0.9526305794715881,0.9897715449333191,0.9181762337684631,"(tensor([0.8405, 0.9898, 1.0000]), tensor([1.0000, 0.9182, 0.0000]), tensor([0., 1.]))"
id_123,0.9231486320495605,0.9526846408843994,0.9871811866760254,0.9205175638198853,"(tensor([0.8405, 0.9872, 1.0000]), tensor([1.0000, 0.9205, 0.0000]), tensor([0., 1.]))"
id_349,0.9234593510627747,0.9526858329772949,0.9914712309837341,0.9168207049369812,"(tensor([0.8405, 0.9915, 1.0000]), tensor([1.0000, 0.9168, 0.0000]), tensor([0., 1.]))"
id_32,0.923355758190155,0.9527820348739624,0.9879581928253174,0.9200246334075928,"(tensor([0.8405, 0.9880, 1.0000]), tensor([1.0000, 0.9200, 0.0000]), tensor([0., 1.]))"
id_247,0.9234593510627747,0.9528006315231323,0.9889949560165405,0.9191620349884033,"(tensor([0.8405, 0.9890, 1.0000]), tensor([1.0000, 0.9192, 0.0000]), tensor([0., 1.]))"
id_166,0.9232522249221802,0.9528475999832153,0.985131561756134,0.9226124286651611,"(tensor([0.8405, 0.9851, 1.0000]), tensor([1.0000, 0.9226, 0.0000]), tensor([0., 1.]))"
id_268,0.9234593510627747,0.9529089331626892,0.9866719245910645,0.9213801622390747,"(tensor([0.8405, 0.9867, 1.0000]), tensor([1.0000, 0.9214, 0.0000]), tensor([0., 1.]))"
id_175,0.9235629439353943,0.952915608882904,0.9879613518714905,0.920271098613739,"(tensor([0.8405, 0.9880, 1.0000]), tensor([1.0000, 0.9203, 0.0000]), tensor([0., 1.]))"
id_80,0.9241843819618225,0.953125,0.9921343922615051,0.9170671701431274,"(tensor([0.8405, 0.9921, 1.0000]), tensor([1.0000, 0.9171, 0.0000]), tensor([0., 1.]))"
id_262,0.9238736629486084,0.953157901763916,0.9870644211769104,0.9215033650398254,"(tensor([0.8405, 0.9871, 1.0000]), tensor([1.0000, 0.9215, 0.0000]), tensor([0., 1.]))"
id_202,0.9242879152297974,0.9531739950180054,0.9925293326377869,0.9168207049369812,"(tensor([0.8405, 0.9925, 1.0000]), tensor([1.0000, 0.9168, 0.0000]), tensor([0., 1.]))"
id_45,0.9237700700759888,0.9531806111335754,0.9851413369178772,0.9232285618782043,"(tensor([0.8405, 0.9851, 1.0000]), tensor([1.0000, 0.9232, 0.0000]), tensor([0., 1.]))"
id_241,0.923355758190155,0.9532651901245117,0.9777173399925232,0.9300061464309692,"(tensor([0.8405, 0.9777, 1.0000]), tensor([1.0000, 0.9300, 0.0000]), tensor([0., 1.]))"
id_348,0.924391508102417,0.9533665180206299,0.9897864460945129,0.9195317029953003,"(tensor([0.8405, 0.9898, 1.0000]), tensor([1.0000, 0.9195, 0.0000]), tensor([0., 1.]))"
id_50,0.924391508102417,0.9534379839897156,0.9882321953773499,0.9210104942321777,"(tensor([0.8405, 0.9882, 1.0000]), tensor([1.0000, 0.9210, 0.0000]), tensor([0., 1.]))"
id_350,0.9245986342430115,0.9535536170005798,0.9886228442192078,0.9208872318267822,"(tensor([0.8405, 0.9886, 1.0000]), tensor([1.0000, 0.9209, 0.0000]), tensor([0., 1.]))"
id_179,0.9245986342430115,0.9535773396492004,0.9881062507629395,0.9213801622390747,"(tensor([0.8405, 0.9881, 1.0000]), tensor([1.0000, 0.9214, 0.0000]), tensor([0., 1.]))"
id_147,0.9245986342430115,0.9535773396492004,0.9881062507629395,0.9213801622390747,"(tensor([0.8405, 0.9881, 1.0000]), tensor([1.0000, 0.9214, 0.0000]), tensor([0., 1.]))"
id_34,0.9244951009750366,0.953587532043457,0.9864330887794495,0.9228588938713074,"(tensor([0.8405, 0.9864, 1.0000]), tensor([1.0000, 0.9229, 0.0000]), tensor([0., 1.]))"
id_20,0.9247022271156311,0.9536499977111816,0.9879788756370544,0.921626627445221,"(tensor([0.8405, 0.9880, 1.0000]), tensor([1.0000, 0.9216, 0.0000]), tensor([0., 1.]))"
id_230,0.9249093532562256,0.9536948204040527,0.9899231195449829,0.9200246334075928,"(tensor([0.8405, 0.9899, 1.0000]), tensor([1.0000, 0.9200, 0.0000]), tensor([0., 1.]))"
id_186,0.9249093532562256,0.953712522983551,0.9895336627960205,0.9203943610191345,"(tensor([0.8405, 0.9895, 1.0000]), tensor([1.0000, 0.9204, 0.0000]), tensor([0., 1.]))"
id_295,0.9240807890892029,0.953727662563324,0.9777374863624573,0.9308687448501587,"(tensor([0.8405, 0.9777, 1.0000]), tensor([1.0000, 0.9309, 0.0000]), tensor([0., 1.]))"
id_182,0.9249093532562256,0.9537302851676941,0.9891448020935059,0.9207640290260315,"(tensor([0.8405, 0.9891, 1.0000]), tensor([1.0000, 0.9208, 0.0000]), tensor([0., 1.]))"
id_48,0.9245986342430115,0.9539240598678589,0.9806115627288818,0.9286506175994873,"(tensor([0.8405, 0.9806, 1.0000]), tensor([1.0000, 0.9287, 0.0000]), tensor([0., 1.]))"
id_227,0.925427258014679,0.9540582299232483,0.9892814755439758,0.921256959438324,"(tensor([0.8405, 0.9893, 1.0000]), tensor([1.0000, 0.9213, 0.0000]), tensor([0., 1.]))"
id_312,0.9250129461288452,0.9540957808494568,0.9826302528381348,0.9271718859672546,"(tensor([0.8405, 0.9826, 1.0000]), tensor([1.0000, 0.9272, 0.0000]), tensor([0., 1.]))"
id_371,0.925427258014679,0.9542450308799744,0.9851725697517395,0.9252002239227295,"(tensor([0.8405, 0.9852, 1.0000]), tensor([1.0000, 0.9252, 0.0000]), tensor([0., 1.]))"
id_140,0.9259451031684875,0.954345166683197,0.9903259873390198,0.9208872318267822,"(tensor([0.8405, 0.9903, 1.0000]), tensor([1.0000, 0.9209, 0.0000]), tensor([0., 1.]))"
id_177,0.926152229309082,0.95435631275177,0.9930722117424011,0.9185459017753601,"(tensor([0.8405, 0.9931, 1.0000]), tensor([1.0000, 0.9185, 0.0000]), tensor([0., 1.]))"
id_190,0.9257379770278931,0.954397976398468,0.9861987233161926,0.9245840907096863,"(tensor([0.8405, 0.9862, 1.0000]), tensor([1.0000, 0.9246, 0.0000]), tensor([0., 1.]))"
id_221,0.926152229309082,0.9544146656990051,0.9917618632316589,0.9197781682014465,"(tensor([0.8405, 0.9918, 1.0000]), tensor([1.0000, 0.9198, 0.0000]), tensor([0., 1.]))"
id_195,0.9262558221817017,0.9545512795448303,0.9901999831199646,0.9213801622390747,"(tensor([0.8405, 0.9902, 1.0000]), tensor([1.0000, 0.9214, 0.0000]), tensor([0., 1.]))"
id_64,0.9263594150543213,0.9547622799873352,0.9869771003723145,0.9245840907096863,"(tensor([0.8405, 0.9870, 1.0000]), tensor([1.0000, 0.9246, 0.0000]), tensor([0., 1.]))"
id_170,0.9264629483222961,0.9548230767250061,0.98710697889328,0.9245840907096863,"(tensor([0.8405, 0.9871, 1.0000]), tensor([1.0000, 0.9246, 0.0000]), tensor([0., 1.]))"
id_86,0.9253236651420593,0.9549403190612793,0.9688054919242859,0.9414663910865784,"(tensor([0.8405, 0.9688, 1.0000]), tensor([1.0000, 0.9415, 0.0000]), tensor([0., 1.]))"
id_13,0.9267736673355103,0.9549595713615417,0.9885254502296448,0.9235982894897461,"(tensor([0.8405, 0.9885, 1.0000]), tensor([1.0000, 0.9236, 0.0000]), tensor([0., 1.]))"
id_256,0.9263594150543213,0.954962968826294,0.982533872127533,0.9288970828056335,"(tensor([0.8405, 0.9825, 1.0000]), tensor([1.0000, 0.9289, 0.0000]), tensor([0., 1.]))"
id_365,0.9270843863487244,0.9550504088401794,0.9909898042678833,0.921626627445221,"(tensor([0.8405, 0.9910, 1.0000]), tensor([1.0000, 0.9216, 0.0000]), tensor([0., 1.]))"
id_301,0.927187979221344,0.9552371501922607,0.9882740378379822,0.92433762550354,"(tensor([0.8405, 0.9883, 1.0000]), tensor([1.0000, 0.9243, 0.0000]), tensor([0., 1.]))"
id_339,0.9270843863487244,0.9553242921829224,0.984822690486908,0.9275416135787964,"(tensor([0.8405, 0.9848, 1.0000]), tensor([1.0000, 0.9275, 0.0000]), tensor([0., 1.]))"
id_305,0.9274986982345581,0.9553343653678894,0.9906047582626343,0.9224892258644104,"(tensor([0.8405, 0.9906, 1.0000]), tensor([1.0000, 0.9225, 0.0000]), tensor([0., 1.]))"
id_122,0.9276022911071777,0.9554407596588135,0.9896988868713379,0.9234750270843506,"(tensor([0.8405, 0.9897, 1.0000]), tensor([1.0000, 0.9235, 0.0000]), tensor([0., 1.]))"
id_161,0.9276022911071777,0.9554464817047119,0.9895696043968201,0.9235982894897461,"(tensor([0.8405, 0.9896, 1.0000]), tensor([1.0000, 0.9236, 0.0000]), tensor([0., 1.]))"
id_290,0.9270843863487244,0.9554656147956848,0.9816716313362122,0.9306222796440125,"(tensor([0.8405, 0.9817, 1.0000]), tensor([1.0000, 0.9306, 0.0000]), tensor([0., 1.]))"
id_145,0.9272915720939636,0.9554738402366638,0.9844464659690857,0.9281577467918396,"(tensor([0.8405, 0.9844, 1.0000]), tensor([1.0000, 0.9282, 0.0000]), tensor([0., 1.]))"
id_73,0.9277058243751526,0.9555526971817017,0.9886677861213684,0.9245840907096863,"(tensor([0.8405, 0.9887, 1.0000]), tensor([1.0000, 0.9246, 0.0000]), tensor([0., 1.]))"
id_360,0.9280165433883667,0.9555825591087341,0.9925650358200073,0.921256959438324,"(tensor([0.8405, 0.9926, 1.0000]), tensor([1.0000, 0.9213, 0.0000]), tensor([0., 1.]))"
id_248,0.9281201362609863,0.9557511210441589,0.9902232885360718,0.9235982894897461,"(tensor([0.8405, 0.9902, 1.0000]), tensor([1.0000, 0.9236, 0.0000]), tensor([0., 1.]))"
id_75,0.9274986982345581,0.9559416174888611,0.9769715666770935,0.935797929763794,"(tensor([0.8405, 0.9770, 1.0000]), tensor([1.0000, 0.9358, 0.0000]), tensor([0., 1.]))"
id_292,0.9285344481468201,0.9560285210609436,0.9899696707725525,0.92433762550354,"(tensor([0.8405, 0.9900, 1.0000]), tensor([1.0000, 0.9243, 0.0000]), tensor([0., 1.]))"
id_152,0.9284308552742004,0.9560572504997253,0.9877792596817017,0.9263092875480652,"(tensor([0.8405, 0.9878, 1.0000]), tensor([1.0000, 0.9263, 0.0000]), tensor([0., 1.]))"
id_198,0.9284308552742004,0.9560796022415161,0.987267017364502,0.9268022179603577,"(tensor([0.8405, 0.9873, 1.0000]), tensor([1.0000, 0.9268, 0.0000]), tensor([0., 1.]))"
id_218,0.928223729133606,0.9561142325401306,0.9834549427032471,0.9302526116371155,"(tensor([0.8405, 0.9835, 1.0000]), tensor([1.0000, 0.9303, 0.0000]), tensor([0., 1.]))"
id_3,0.9287415742874146,0.9561448097229004,0.9903604984283447,0.9242144227027893,"(tensor([0.8405, 0.9904, 1.0000]), tensor([1.0000, 0.9242, 0.0000]), tensor([0., 1.]))"
id_35,0.9285344481468201,0.9561682343482971,0.9867575764656067,0.9274183511734009,"(tensor([0.8405, 0.9868, 1.0000]), tensor([1.0000, 0.9274, 0.0000]), tensor([0., 1.]))"
id_189,0.927187979221344,0.9562020897865295,0.9669858813285828,0.9456561803817749,"(tensor([0.8405, 0.9670, 1.0000]), tensor([1.0000, 0.9457, 0.0000]), tensor([0., 1.]))"
id_355,0.9288451671600342,0.9562447667121887,0.9895860552787781,0.9250770211219788,"(tensor([0.8405, 0.9896, 1.0000]), tensor([1.0000, 0.9251, 0.0000]), tensor([0., 1.]))"
id_57,0.9283272624015808,0.956335186958313,0.9799560308456421,0.9338262677192688,"(tensor([0.8405, 0.9800, 1.0000]), tensor([1.0000, 0.9338, 0.0000]), tensor([0., 1.]))"
id_265,0.9277058243751526,0.9563367366790771,0.9711599349975586,0.9419593214988708,"(tensor([0.8405, 0.9712, 1.0000]), tensor([1.0000, 0.9420, 0.0000]), tensor([0., 1.]))"
id_334,0.9279130101203918,0.956352710723877,0.9736942648887634,0.9396179914474487,"(tensor([0.8405, 0.9737, 1.0000]), tensor([1.0000, 0.9396, 0.0000]), tensor([0., 1.]))"
id_341,0.9289487600326538,0.9563612937927246,0.9884286522865295,0.9263092875480652,"(tensor([0.8405, 0.9884, 1.0000]), tensor([1.0000, 0.9263, 0.0000]), tensor([0., 1.]))"
id_100,0.9290522933006287,0.9563999772071838,0.9890732169151306,0.9258164167404175,"(tensor([0.8405, 0.9891, 1.0000]), tensor([1.0000, 0.9258, 0.0000]), tensor([0., 1.]))"
id_0,0.9288451671600342,0.9564334750175476,0.9852364659309387,0.9292668104171753,"(tensor([0.8405, 0.9852, 1.0000]), tensor([1.0000, 0.9293, 0.0000]), tensor([0., 1.]))"
id_309,0.9290522933006287,0.9564388394355774,0.9881734848022461,0.9266790151596069,"(tensor([0.8405, 0.9882, 1.0000]), tensor([1.0000, 0.9267, 0.0000]), tensor([0., 1.]))"
id_29,0.9288451671600342,0.9564446210861206,0.9849830269813538,0.9295132756233215,"(tensor([0.8405, 0.9850, 1.0000]), tensor([1.0000, 0.9295, 0.0000]), tensor([0., 1.]))"
id_148,0.9290522933006287,0.9564719796180725,0.9874048829078674,0.9274183511734009,"(tensor([0.8405, 0.9874, 1.0000]), tensor([1.0000, 0.9274, 0.0000]), tensor([0., 1.]))"
id_235,0.9289487600326538,0.9564830660820007,0.9856190085411072,0.929020345211029,"(tensor([0.8405, 0.9856, 1.0000]), tensor([1.0000, 0.9290, 0.0000]), tensor([0., 1.]))"
id_329,0.9291558861732483,0.9564995765686035,0.9883033037185669,0.9266790151596069,"(tensor([0.8405, 0.9883, 1.0000]), tensor([1.0000, 0.9267, 0.0000]), tensor([0., 1.]))"
id_22,0.9288451671600342,0.9565986394882202,0.981462299823761,0.9329636693000793,"(tensor([0.8405, 0.9815, 1.0000]), tensor([1.0000, 0.9330, 0.0000]), tensor([0., 1.]))"
id_299,0.9294666051864624,0.9566766619682312,0.9888216853141785,0.9265557527542114,"(tensor([0.8405, 0.9888, 1.0000]), tensor([1.0000, 0.9266, 0.0000]), tensor([0., 1.]))"
id_259,0.9296737313270569,0.9567543864250183,0.990113377571106,0.9255699515342712,"(tensor([0.8405, 0.9901, 1.0000]), tensor([1.0000, 0.9256, 0.0000]), tensor([0., 1.]))"
id_196,0.9291558861732483,0.9568726420402527,0.9797288775444031,0.9350585341453552,"(tensor([0.8405, 0.9797, 1.0000]), tensor([1.0000, 0.9351, 0.0000]), tensor([0., 1.]))"
id_142,0.9296737313270569,0.9569408297538757,0.9857590794563293,0.929759681224823,"(tensor([0.8405, 0.9858, 1.0000]), tensor([1.0000, 0.9298, 0.0000]), tensor([0., 1.]))"
id_108,0.9296737313270569,0.9569627046585083,0.9852519035339355,0.9302526116371155,"(tensor([0.8405, 0.9853, 1.0000]), tensor([1.0000, 0.9303, 0.0000]), tensor([0., 1.]))"
id_342,0.929984450340271,0.9570302963256836,0.9883155822753906,0.9276648163795471,"(tensor([0.8405, 0.9883, 1.0000]), tensor([1.0000, 0.9277, 0.0000]), tensor([0., 1.]))"
id_154,0.9297773241996765,0.9570723176002502,0.9842427372932434,0.9313616752624512,"(tensor([0.8405, 0.9842, 1.0000]), tensor([1.0000, 0.9314, 0.0000]), tensor([0., 1.]))"
id_240,0.9301916360855103,0.9570863842964172,0.9901198744773865,0.9261860847473145,"(tensor([0.8405, 0.9901, 1.0000]), tensor([1.0000, 0.9262, 0.0000]), tensor([0., 1.]))"
id_313,0.9292594790458679,0.957089900970459,0.9762881398200989,0.9386321902275085,"(tensor([0.8405, 0.9763, 1.0000]), tensor([1.0000, 0.9386, 0.0000]), tensor([0., 1.]))"
id_169,0.9300880432128906,0.957194447517395,0.9860203862190247,0.9300061464309692,"(tensor([0.8405, 0.9860, 1.0000]), tensor([1.0000, 0.9300, 0.0000]), tensor([0., 1.]))"
id_285,0.9298809170722961,0.9572195410728455,0.9823605418205261,0.9333333373069763,"(tensor([0.8405, 0.9824, 1.0000]), tensor([1.0000, 0.9333, 0.0000]), tensor([0., 1.]))"
id_165,0.9300880432128906,0.9572216272354126,0.9853861927986145,0.9306222796440125,"(tensor([0.8405, 0.9854, 1.0000]), tensor([1.0000, 0.9306, 0.0000]), tensor([0., 1.]))"
id_5,0.9302951693534851,0.9572399854660034,0.9880639910697937,0.9282809495925903,"(tensor([0.8405, 0.9881, 1.0000]), tensor([1.0000, 0.9283, 0.0000]), tensor([0., 1.]))"
id_107,0.9307094812393188,0.9573749303817749,0.9911609292030334,0.9258164167404175,"(tensor([0.8405, 0.9912, 1.0000]), tensor([1.0000, 0.9258, 0.0000]), tensor([0., 1.]))"
id_171,0.9300880432128906,0.9574105739593506,0.9809930324554443,0.9349353313446045,"(tensor([0.8405, 0.9810, 1.0000]), tensor([1.0000, 0.9349, 0.0000]), tensor([0., 1.]))"
id_297,0.9301916360855103,0.9574495553970337,0.9816181063652039,0.934442400932312,"(tensor([0.8405, 0.9816, 1.0000]), tensor([1.0000, 0.9344, 0.0000]), tensor([0., 1.]))"
id_245,0.9305023550987244,0.9574535489082336,0.9861546754837036,0.930375874042511,"(tensor([0.8405, 0.9862, 1.0000]), tensor([1.0000, 0.9304, 0.0000]), tensor([0., 1.]))"
id_236,0.9306058883666992,0.957546591758728,0.9855223894119263,0.9311152100563049,"(tensor([0.8405, 0.9855, 1.0000]), tensor([1.0000, 0.9311, 0.0000]), tensor([0., 1.]))"
id_42,0.9309166073799133,0.9576480984687805,0.987817645072937,0.9292668104171753,"(tensor([0.8405, 0.9878, 1.0000]), tensor([1.0000, 0.9293, 0.0000]), tensor([0., 1.]))"
id_234,0.9307094812393188,0.9576502442359924,0.9846394062042236,0.9321010708808899,"(tensor([0.8405, 0.9846, 1.0000]), tensor([1.0000, 0.9321, 0.0000]), tensor([0., 1.]))"
id_135,0.9306058883666992,0.9576860070228577,0.9822515845298767,0.9343191385269165,"(tensor([0.8405, 0.9823, 1.0000]), tensor([1.0000, 0.9343, 0.0000]), tensor([0., 1.]))"
id_205,0.931020200252533,0.9576927423477173,0.9883309006690979,0.9288970828056335,"(tensor([0.8405, 0.9883, 1.0000]), tensor([1.0000, 0.9289, 0.0000]), tensor([0., 1.]))"
id_90,0.931020200252533,0.9577839374542236,0.9861636757850647,0.9309920072555542,"(tensor([0.8405, 0.9862, 1.0000]), tensor([1.0000, 0.9310, 0.0000]), tensor([0., 1.]))"
id_369,0.9313309192657471,0.9578110575675964,0.9902631640434265,0.9274183511734009,"(tensor([0.8405, 0.9903, 1.0000]), tensor([1.0000, 0.9274, 0.0000]), tensor([0., 1.]))"
id_168,0.9312273263931274,0.9579852819442749,0.984523355960846,0.9328404068946838,"(tensor([0.8405, 0.9845, 1.0000]), tensor([1.0000, 0.9328, 0.0000]), tensor([0., 1.]))"
id_96,0.9316416382789612,0.9580045938491821,0.9903960227966309,0.9276648163795471,"(tensor([0.8405, 0.9904, 1.0000]), tensor([1.0000, 0.9277, 0.0000]), tensor([0., 1.]))"
id_283,0.9314345121383667,0.958058774471283,0.985917329788208,0.9317313432693481,"(tensor([0.8405, 0.9859, 1.0000]), tensor([1.0000, 0.9317, 0.0000]), tensor([0., 1.]))"
id_115,0.9314345121383667,0.9580906629562378,0.9851582050323486,0.9324707388877869,"(tensor([0.8405, 0.9852, 1.0000]), tensor([1.0000, 0.9325, 0.0000]), tensor([0., 1.]))"
id_76,0.9312273263931274,0.958249568939209,0.9783027172088623,0.9390018582344055,"(tensor([0.8405, 0.9783, 1.0000]), tensor([1.0000, 0.9390, 0.0000]), tensor([0., 1.]))"
id_217,0.9319523572921753,0.9583571553230286,0.9866875410079956,0.9316081404685974,"(tensor([0.8405, 0.9867, 1.0000]), tensor([1.0000, 0.9316, 0.0000]), tensor([0., 1.]))"
id_353,0.9320559501647949,0.9583755731582642,0.987835168838501,0.9306222796440125,"(tensor([0.8405, 0.9878, 1.0000]), tensor([1.0000, 0.9306, 0.0000]), tensor([0., 1.]))"
id_137,0.9317452311515808,0.9583832621574402,0.9829015731811523,0.9350585341453552,"(tensor([0.8405, 0.9829, 1.0000]), tensor([1.0000, 0.9351, 0.0000]), tensor([0., 1.]))"
id_78,0.9320559501647949,0.9584178328514099,0.9868163466453552,0.9316081404685974,"(tensor([0.8405, 0.9868, 1.0000]), tensor([1.0000, 0.9316, 0.0000]), tensor([0., 1.]))"
id_327,0.9320559501647949,0.9585072994232178,0.9846653938293457,0.9337030053138733,"(tensor([0.8405, 0.9847, 1.0000]), tensor([1.0000, 0.9337, 0.0000]), tensor([0., 1.]))"
id_362,0.9322630763053894,0.9585183262825012,0.987583339214325,0.9311152100563049,"(tensor([0.8405, 0.9876, 1.0000]), tensor([1.0000, 0.9311, 0.0000]), tensor([0., 1.]))"
id_153,0.9324702024459839,0.9585399627685547,0.9902772307395935,0.9287738800048828,"(tensor([0.8405, 0.9903, 1.0000]), tensor([1.0000, 0.9288, 0.0000]), tensor([0., 1.]))"
id_231,0.9308130741119385,0.9585968255996704,0.9643347263336182,0.9529266953468323,"(tensor([0.8405, 0.9643, 1.0000]), tensor([1.0000, 0.9529, 0.0000]), tensor([0., 1.]))"
id_82,0.932366669178009,0.9586001634597778,0.9872029423713684,0.9316081404685974,"(tensor([0.8405, 0.9872, 1.0000]), tensor([1.0000, 0.9316, 0.0000]), tensor([0., 1.]))"
id_324,0.9318487644195557,0.9586111307144165,0.9790568947792053,0.9390018582344055,"(tensor([0.8405, 0.9791, 1.0000]), tensor([1.0000, 0.9390, 0.0000]), tensor([0., 1.]))"
id_172,0.9328845143318176,0.9587681889533997,0.9911853671073914,0.9284042119979858,"(tensor([0.8405, 0.9912, 1.0000]), tensor([1.0000, 0.9284, 0.0000]), tensor([0., 1.]))"
id_337,0.9326773881912231,0.9587824940681458,0.9875898361206055,0.9316081404685974,"(tensor([0.8405, 0.9876, 1.0000]), tensor([1.0000, 0.9316, 0.0000]), tensor([0., 1.]))"
id_352,0.932780921459198,0.958864152431488,0.9872096180915833,0.9321010708808899,"(tensor([0.8405, 0.9872, 1.0000]), tensor([1.0000, 0.9321, 0.0000]), tensor([0., 1.]))"
id_282,0.9326773881912231,0.9588711857795715,0.9854337573051453,0.9337030053138733,"(tensor([0.8405, 0.9854, 1.0000]), tensor([1.0000, 0.9337, 0.0000]), tensor([0., 1.]))"
id_127,0.9328845143318176,0.9589353203773499,0.987084150314331,0.9323474764823914,"(tensor([0.8405, 0.9871, 1.0000]), tensor([1.0000, 0.9323, 0.0000]), tensor([0., 1.]))"
id_306,0.9325737953186035,0.9591208696365356,0.9778488874435425,0.9410967230796814,"(tensor([0.8405, 0.9778, 1.0000]), tensor([1.0000, 0.9411, 0.0000]), tensor([0., 1.]))"
id_31,0.9334023594856262,0.9593064188957214,0.9860785603523254,0.9339494705200195,"(tensor([0.8405, 0.9861, 1.0000]), tensor([1.0000, 0.9339, 0.0000]), tensor([0., 1.]))"
id_88,0.9335059523582458,0.9593155980110168,0.9874755144119263,0.9327172040939331,"(tensor([0.8405, 0.9875, 1.0000]), tensor([1.0000, 0.9327, 0.0000]), tensor([0., 1.]))"
id_85,0.9334023594856262,0.9594091773033142,0.9835619926452637,0.9364140629768372,"(tensor([0.8405, 0.9836, 1.0000]), tensor([1.0000, 0.9364, 0.0000]), tensor([0., 1.]))"
id_9,0.9336095452308655,0.9594277739524841,0.9863352179527283,0.9339494705200195,"(tensor([0.8405, 0.9863, 1.0000]), tensor([1.0000, 0.9339, 0.0000]), tensor([0., 1.]))"
id_40,0.9335059523582458,0.9594338536262512,0.9845675230026245,0.9355514645576477,"(tensor([0.8405, 0.9846, 1.0000]), tensor([1.0000, 0.9356, 0.0000]), tensor([0., 1.]))"
id_321,0.9336095452308655,0.9594586491584778,0.9855769276618958,0.9346888661384583,"(tensor([0.8405, 0.9856, 1.0000]), tensor([1.0000, 0.9347, 0.0000]), tensor([0., 1.]))"
id_220,0.9336095452308655,0.9594892859458923,0.9848209619522095,0.9354282021522522,"(tensor([0.8405, 0.9848, 1.0000]), tensor([1.0000, 0.9354, 0.0000]), tensor([0., 1.]))"
id_77,0.9330916404724121,0.9596149325370789,0.9738611578941345,0.9457794427871704,"(tensor([0.8405, 0.9739, 1.0000]), tensor([1.0000, 0.9458, 0.0000]), tensor([0., 1.]))"
id_174,0.9331952333450317,0.9596193432807922,0.9753117561340332,0.9444239139556885,"(tensor([0.8405, 0.9753, 1.0000]), tensor([1.0000, 0.9444, 0.0000]), tensor([0., 1.]))"
id_63,0.9339202642440796,0.9597983360290527,0.982076108455658,0.938508927822113,"(tensor([0.8405, 0.9821, 1.0000]), tensor([1.0000, 0.9385, 0.0000]), tensor([0., 1.]))"
id_239,0.9346452355384827,0.9599441289901733,0.9899188280105591,0.9317313432693481,"(tensor([0.8405, 0.9899, 1.0000]), tensor([1.0000, 0.9317, 0.0000]), tensor([0., 1.]))"
id_335,0.9347488284111023,0.959994912147522,0.9903052449226379,0.9314848780632019,"(tensor([0.8405, 0.9903, 1.0000]), tensor([1.0000, 0.9315, 0.0000]), tensor([0., 1.]))"
id_251,0.9340237975120544,0.9599999785423279,0.9787452220916748,0.9419593214988708,"(tensor([0.8405, 0.9787, 1.0000]), tensor([1.0000, 0.9420, 0.0000]), tensor([0., 1.]))"
id_11,0.9343345165252686,0.9600101113319397,0.9833312034606934,0.9377695918083191,"(tensor([0.8405, 0.9833, 1.0000]), tensor([1.0000, 0.9378, 0.0000]), tensor([0., 1.]))"
id_338,0.9347488284111023,0.960202157497406,0.9850939512252808,0.9365372657775879,"(tensor([0.8405, 0.9851, 1.0000]), tensor([1.0000, 0.9365, 0.0000]), tensor([0., 1.]))"
id_106,0.9341273903846741,0.9602052569389343,0.9753400087356567,0.9455329775810242,"(tensor([0.8405, 0.9753, 1.0000]), tensor([1.0000, 0.9455, 0.0000]), tensor([0., 1.]))"
id_344,0.9347488284111023,0.9602874517440796,0.9829655289649963,0.9386321902275085,"(tensor([0.8405, 0.9830, 1.0000]), tensor([1.0000, 0.9386, 0.0000]), tensor([0., 1.]))"
id_232,0.9349559545516968,0.9603185057640076,0.9854753017425537,0.9364140629768372,"(tensor([0.8405, 0.9855, 1.0000]), tensor([1.0000, 0.9364, 0.0000]), tensor([0., 1.]))"
id_25,0.935163140296936,0.9603496193885803,0.9880099296569824,0.9341959357261658,"(tensor([0.8405, 0.9880, 1.0000]), tensor([1.0000, 0.9342, 0.0000]), tensor([0., 1.]))"
id_363,0.935163140296936,0.9604348540306091,0.9858570098876953,0.9362908005714417,"(tensor([0.8405, 0.9859, 1.0000]), tensor([1.0000, 0.9363, 0.0000]), tensor([0., 1.]))"
id_293,0.9352666735649109,0.9605902433395386,0.9836001992225647,0.9386321902275085,"(tensor([0.8405, 0.9836, 1.0000]), tensor([1.0000, 0.9386, 0.0000]), tensor([0., 1.]))"
id_209,0.9354738593101501,0.9606369137763977,0.9857364892959595,0.9367837309837341,"(tensor([0.8405, 0.9857, 1.0000]), tensor([1.0000, 0.9368, 0.0000]), tensor([0., 1.]))"
id_269,0.9354738593101501,0.9606865048408508,0.984480082988739,0.9380159974098206,"(tensor([0.8405, 0.9845, 1.0000]), tensor([1.0000, 0.9380, 0.0000]), tensor([0., 1.]))"
id_258,0.9345417022705078,0.9607014060020447,0.9696246981620789,0.9519408345222473,"(tensor([0.8405, 0.9696, 1.0000]), tensor([1.0000, 0.9519, 0.0000]), tensor([0., 1.]))"
id_332,0.9356809854507446,0.9607632160186768,0.9858661890029907,0.9369069337844849,"(tensor([0.8405, 0.9859, 1.0000]), tensor([1.0000, 0.9369, 0.0000]), tensor([0., 1.]))"
id_37,0.935163140296936,0.9607916474342346,0.9769456386566162,0.9451632499694824,"(tensor([0.8405, 0.9769, 1.0000]), tensor([1.0000, 0.9452, 0.0000]), tensor([0., 1.]))"
id_8,0.935577392578125,0.9608361124992371,0.9823612570762634,0.9402341246604919,"(tensor([0.8405, 0.9824, 1.0000]), tensor([1.0000, 0.9402, 0.0000]), tensor([0., 1.]))"
id_255,0.9358881115913391,0.9608500003814697,0.9870062470436096,0.9360443353652954,"(tensor([0.8405, 0.9870, 1.0000]), tensor([1.0000, 0.9360, 0.0000]), tensor([0., 1.]))"
id_223,0.936198890209198,0.9609236121177673,0.9901947975158691,0.9333333373069763,"(tensor([0.8405, 0.9902, 1.0000]), tensor([1.0000, 0.9333, 0.0000]), tensor([0., 1.]))"
id_44,0.9358881115913391,0.9609636068344116,0.9841126203536987,0.93887859582901,"(tensor([0.8405, 0.9841, 1.0000]), tensor([1.0000, 0.9389, 0.0000]), tensor([0., 1.]))"
id_117,0.936198890209198,0.9612480998039246,0.981878936290741,0.9414663910865784,"(tensor([0.8405, 0.9819, 1.0000]), tensor([1.0000, 0.9415, 0.0000]), tensor([0., 1.]))"
id_203,0.9369238615036011,0.9613505005836487,0.9911018013954163,0.9333333373069763,"(tensor([0.8405, 0.9911, 1.0000]), tensor([1.0000, 0.9333, 0.0000]), tensor([0., 1.]))"
id_7,0.9358881115913391,0.9613969922065735,0.9732323288917542,0.9498459696769714,"(tensor([0.8405, 0.9732, 1.0000]), tensor([1.0000, 0.9498, 0.0000]), tensor([0., 1.]))"
id_95,0.936613142490387,0.9614415764808655,0.9836276769638062,0.9402341246604919,"(tensor([0.8405, 0.9836, 1.0000]), tensor([1.0000, 0.9402, 0.0000]), tensor([0., 1.]))"
id_41,0.936198890209198,0.9614518284797668,0.9767323732376099,0.9466420412063599,"(tensor([0.8405, 0.9767, 1.0000]), tensor([1.0000, 0.9466, 0.0000]), tensor([0., 1.]))"
id_98,0.9368203282356262,0.9615045189857483,0.9853835105895996,0.9387553930282593,"(tensor([0.8405, 0.9854, 1.0000]), tensor([1.0000, 0.9388, 0.0000]), tensor([0., 1.]))"
id_61,0.9360952973365784,0.9615408778190613,0.9728808999061584,0.9504621028900146,"(tensor([0.8405, 0.9729, 1.0000]), tensor([1.0000, 0.9505, 0.0000]), tensor([0., 1.]))"
id_214,0.9368203282356262,0.9616593718528748,0.981398344039917,0.9426987171173096,"(tensor([0.8405, 0.9814, 1.0000]), tensor([1.0000, 0.9427, 0.0000]), tensor([0., 1.]))"
id_229,0.9364060163497925,0.9617683291435242,0.9720578789710999,0.9516943693161011,"(tensor([0.8405, 0.9721, 1.0000]), tensor([1.0000, 0.9517, 0.0000]), tensor([0., 1.]))"
id_72,0.9369238615036011,0.9618445038795471,0.9783329367637634,0.9459026455879211,"(tensor([0.8405, 0.9783, 1.0000]), tensor([1.0000, 0.9459, 0.0000]), tensor([0., 1.]))"
id_372,0.9375452995300293,0.9618909358978271,0.9872859120368958,0.9377695918083191,"(tensor([0.8405, 0.9873, 1.0000]), tensor([1.0000, 0.9378, 0.0000]), tensor([0., 1.]))"
id_53,0.9374417662620544,0.961902379989624,0.9852694272994995,0.9396179914474487,"(tensor([0.8405, 0.9853, 1.0000]), tensor([1.0000, 0.9396, 0.0000]), tensor([0., 1.]))"
id_347,0.9374417662620544,0.9619120359420776,0.9850187301635742,0.939864456653595,"(tensor([0.8405, 0.9850, 1.0000]), tensor([1.0000, 0.9399, 0.0000]), tensor([0., 1.]))"
id_200,0.9374417662620544,0.9620555639266968,0.981289267539978,0.943561315536499,"(tensor([0.8405, 0.9813, 1.0000]), tensor([1.0000, 0.9436, 0.0000]), tensor([0., 1.]))"
id_316,0.9378560185432434,0.9621546268463135,0.9855278730392456,0.939864456653595,"(tensor([0.8405, 0.9855, 1.0000]), tensor([1.0000, 0.9399, 0.0000]), tensor([0., 1.]))"
id_58,0.9378560185432434,0.9621832370758057,0.9847761392593384,0.9406037926673889,"(tensor([0.8405, 0.9848, 1.0000]), tensor([1.0000, 0.9406, 0.0000]), tensor([0., 1.]))"
id_210,0.9378560185432434,0.96224045753479,0.9832797646522522,0.9420825839042664,"(tensor([0.8405, 0.9833, 1.0000]), tensor([1.0000, 0.9421, 0.0000]), tensor([0., 1.]))"
id_188,0.9375452995300293,0.9623759984970093,0.9747219681739807,0.9503389000892639,"(tensor([0.8405, 0.9747, 1.0000]), tensor([1.0000, 0.9503, 0.0000]), tensor([0., 1.]))"
id_345,0.9382703304290771,0.9624022245407104,0.9859118461608887,0.9399876594543457,"(tensor([0.8405, 0.9859, 1.0000]), tensor([1.0000, 0.9400, 0.0000]), tensor([0., 1.]))"
id_212,0.9384774565696716,0.9626226425170898,0.9835411906242371,0.9425754547119141,"(tensor([0.8405, 0.9835, 1.0000]), tensor([1.0000, 0.9426, 0.0000]), tensor([0., 1.]))"
id_164,0.938995361328125,0.9628086090087891,0.9873089790344238,0.939494788646698,"(tensor([0.8405, 0.9873, 1.0000]), tensor([1.0000, 0.9395, 0.0000]), tensor([0., 1.]))"
id_343,0.938995361328125,0.9631299376487732,0.9787532091140747,0.947997510433197,"(tensor([0.8405, 0.9788, 1.0000]), tensor([1.0000, 0.9480, 0.0000]), tensor([0., 1.]))"
id_66,0.9393060803413391,0.9634936451911926,0.9742975831031799,0.9529266953468323,"(tensor([0.8405, 0.9743, 1.0000]), tensor([1.0000, 0.9529, 0.0000]), tensor([0., 1.]))"
id_237,0.9396167993545532,0.9635055065155029,0.9791348576545715,0.9483672380447388,"(tensor([0.8405, 0.9791, 1.0000]), tensor([1.0000, 0.9484, 0.0000]), tensor([0., 1.]))"
id_99,0.9397203326225281,0.9635521173477173,0.9796256422996521,0.947997510433197,"(tensor([0.8405, 0.9796, 1.0000]), tensor([1.0000, 0.9480, 0.0000]), tensor([0., 1.]))"
id_276,0.9403417706489563,0.963723361492157,0.9855725765228271,0.9428219199180603,"(tensor([0.8405, 0.9856, 1.0000]), tensor([1.0000, 0.9428, 0.0000]), tensor([0., 1.]))"
id_213,0.9398239254951477,0.9637938737869263,0.9749117493629456,0.9529266953468323,"(tensor([0.8405, 0.9749, 1.0000]), tensor([1.0000, 0.9529, 0.0000]), tensor([0., 1.]))"
id_181,0.9403417706489563,0.9638509154319763,0.9820948839187622,0.9462723135948181,"(tensor([0.8405, 0.9821, 1.0000]), tensor([1.0000, 0.9463, 0.0000]), tensor([0., 1.]))"
id_111,0.9404453635215759,0.9638569355010986,0.9837054014205933,0.9447935819625854,"(tensor([0.8405, 0.9837, 1.0000]), tensor([1.0000, 0.9448, 0.0000]), tensor([0., 1.]))"
id_249,0.9403417706489563,0.9638916254043579,0.9809876084327698,0.9473813772201538,"(tensor([0.8405, 0.9810, 1.0000]), tensor([1.0000, 0.9474, 0.0000]), tensor([0., 1.]))"
id_49,0.94075608253479,0.9639161825180054,0.9874628186225891,0.9414663910865784,"(tensor([0.8405, 0.9875, 1.0000]), tensor([1.0000, 0.9415, 0.0000]), tensor([0., 1.]))"
id_315,0.9401346445083618,0.9639919996261597,0.9748015403747559,0.95341956615448,"(tensor([0.8405, 0.9748, 1.0000]), tensor([1.0000, 0.9534, 0.0000]), tensor([0., 1.]))"
id_358,0.9404453635215759,0.9642301797866821,0.9736180901527405,0.9550215601921082,"(tensor([0.8405, 0.9736, 1.0000]), tensor([1.0000, 0.9550, 0.0000]), tensor([0., 1.]))"
id_14,0.9410668015480042,0.9642879962921143,0.9826042652130127,0.9466420412063599,"(tensor([0.8405, 0.9826, 1.0000]), tensor([1.0000, 0.9466, 0.0000]), tensor([0., 1.]))"
id_113,0.9408596754074097,0.9645803570747375,0.9711466431617737,0.958102285861969,"(tensor([0.8405, 0.9711, 1.0000]), tensor([1.0000, 0.9581, 0.0000]), tensor([0., 1.]))"
id_226,0.9421025514602661,0.96495521068573,0.9821337461471558,0.9483672380447388,"(tensor([0.8405, 0.9821, 1.0000]), tensor([1.0000, 0.9484, 0.0000]), tensor([0., 1.]))"
id_326,0.9421025514602661,0.9651430249214172,0.9768997430801392,0.9536660313606262,"(tensor([0.8405, 0.9769, 1.0000]), tensor([1.0000, 0.9537, 0.0000]), tensor([0., 1.]))"
id_24,0.9425168037414551,0.9651447534561157,0.9841188788414001,0.9468885064125061,"(tensor([0.8405, 0.9841, 1.0000]), tensor([1.0000, 0.9469, 0.0000]), tensor([0., 1.]))"
id_94,0.9425168037414551,0.9652015566825867,0.9825121164321899,0.9484904408454895,"(tensor([0.8405, 0.9825, 1.0000]), tensor([1.0000, 0.9485, 0.0000]), tensor([0., 1.]))"
id_253,0.9429311156272888,0.9652607440948486,0.9882519841194153,0.9433148503303528,"(tensor([0.8405, 0.9883, 1.0000]), tensor([1.0000, 0.9433, 0.0000]), tensor([0., 1.]))"
id_55,0.9427239894866943,0.9654483795166016,0.9792141914367676,0.9520640969276428,"(tensor([0.8405, 0.9792, 1.0000]), tensor([1.0000, 0.9521, 0.0000]), tensor([0., 1.]))"
id_67,0.9423096776008606,0.965478777885437,0.9711970090866089,0.9598274827003479,"(tensor([0.8405, 0.9712, 1.0000]), tensor([1.0000, 0.9598, 0.0000]), tensor([0., 1.]))"
id_284,0.9421025514602661,0.9654831290245056,0.9675742387771606,0.9634011387825012,"(tensor([0.8405, 0.9676, 1.0000]), tensor([1.0000, 0.9634, 0.0000]), tensor([0., 1.]))"
id_132,0.9431382417678833,0.9655042290687561,0.9850000143051147,0.9467652440071106,"(tensor([0.8405, 0.9850, 1.0000]), tensor([1.0000, 0.9468, 0.0000]), tensor([0., 1.]))"
id_328,0.9427239894866943,0.9657012224197388,0.972152829170227,0.9593345522880554,"(tensor([0.8405, 0.9722, 1.0000]), tensor([1.0000, 0.9593, 0.0000]), tensor([0., 1.]))"
id_70,0.9434489607810974,0.965703547000885,0.9848814606666565,0.9472581744194031,"(tensor([0.8405, 0.9849, 1.0000]), tensor([1.0000, 0.9473, 0.0000]), tensor([0., 1.]))"
id_136,0.943552553653717,0.9657254219055176,0.9861289262771606,0.9461491107940674,"(tensor([0.8405, 0.9861, 1.0000]), tensor([1.0000, 0.9461, 0.0000]), tensor([0., 1.]))"
id_84,0.9433454275131226,0.9657375812530518,0.9820381999015808,0.9499691724777222,"(tensor([0.8405, 0.9820, 1.0000]), tensor([1.0000, 0.9500, 0.0000]), tensor([0., 1.]))"
id_160,0.9434489607810974,0.9658365249633789,0.9810601472854614,0.9510782361030579,"(tensor([0.8405, 0.9811, 1.0000]), tensor([1.0000, 0.9511, 0.0000]), tensor([0., 1.]))"
id_331,0.943552553653717,0.9659736156463623,0.9789926409721375,0.9532963633537292,"(tensor([0.8405, 0.9790, 1.0000]), tensor([1.0000, 0.9533, 0.0000]), tensor([0., 1.]))"
id_317,0.9439668655395508,0.9660240411758423,0.9850153923034668,0.9477511048316956,"(tensor([0.8405, 0.9850, 1.0000]), tensor([1.0000, 0.9478, 0.0000]), tensor([0., 1.]))"
id_23,0.9439668655395508,0.9661387801170349,0.9816840291023254,0.9510782361030579,"(tensor([0.8405, 0.9817, 1.0000]), tensor([1.0000, 0.9511, 0.0000]), tensor([0., 1.]))"
id_273,0.9436561465263367,0.966156542301178,0.9756250977516174,0.9568700194358826,"(tensor([0.8405, 0.9756, 1.0000]), tensor([1.0000, 0.9569, 0.0000]), tensor([0., 1.]))"
id_225,0.9436561465263367,0.9663158655166626,0.9711263179779053,0.9615526795387268,"(tensor([0.8405, 0.9711, 1.0000]), tensor([1.0000, 0.9616, 0.0000]), tensor([0., 1.]))"
id_233,0.9439668655395508,0.9663159251213074,0.9765920042991638,0.9562538266181946,"(tensor([0.8405, 0.9766, 1.0000]), tensor([1.0000, 0.9563, 0.0000]), tensor([0., 1.]))"
id_252,0.9458311796188354,0.9672859311103821,0.9822154641151428,0.9528034329414368,"(tensor([0.8405, 0.9822, 1.0000]), tensor([1.0000, 0.9528, 0.0000]), tensor([0., 1.]))"
id_71,0.9460383057594299,0.9673210382461548,0.9850536584854126,0.9502156376838684,"(tensor([0.8405, 0.9851, 1.0000]), tensor([1.0000, 0.9502, 0.0000]), tensor([0., 1.]))"
id_16,0.9464526176452637,0.9675353169441223,0.9864276647567749,0.949353039264679,"(tensor([0.8405, 0.9864, 1.0000]), tensor([1.0000, 0.9494, 0.0000]), tensor([0., 1.]))"
id_43,0.9464526176452637,0.9677982330322266,0.9784634709358215,0.9573628902435303,"(tensor([0.8405, 0.9785, 1.0000]), tensor([1.0000, 0.9574, 0.0000]), tensor([0., 1.]))"
id_215,0.9465562105178833,0.9679264426231384,0.9765458703041077,0.9594578146934509,"(tensor([0.8405, 0.9765, 1.0000]), tensor([1.0000, 0.9595, 0.0000]), tensor([0., 1.]))"
id_129,0.9483169317245483,0.9688417315483093,0.9820253252983093,0.9560074210166931,"(tensor([0.8405, 0.9820, 1.0000]), tensor([1.0000, 0.9560, 0.0000]), tensor([0., 1.]))"
id_109,0.9486276507377625,0.9691925048828125,0.9770820140838623,0.9614294767379761,"(tensor([0.8405, 0.9771, 1.0000]), tensor([1.0000, 0.9614, 0.0000]), tensor([0., 1.]))"
id_277,0.9505955576896667,0.9706226587295532,0.9702044129371643,0.9710412621498108,"(tensor([0.8405, 0.9702, 1.0000]), tensor([1.0000, 0.9710, 0.0000]), tensor([0., 1.]))"
